[
  {
    "id": "553750cd-7a43-4633-96c5-c8f39207df07",
    "data": [
      {
        "text": "Start a fresh order",
        "userDefined": false
      }
    ],
    "isTemplate": false,
    "count": 0,
    "lang": "en",
    "updated": 0
  },
  {
    "id": "232db741-beab-49e8-9d15-f97b20679821",
    "data": [
      {
        "text": "Make a new order",
        "userDefined": false
      }
    ],
    "isTemplate": false,
    "count": 0,
    "lang": "en",
    "updated": 0
  },
  {
    "id": "080671aa-a7cc-4ff8-84a7-485d9cb281c8",
    "data": [
      {
        "text": "Start ordering",
        "userDefined": false
      }
    ],
    "isTemplate": false,
    "count": 0,
    "lang": "en",
    "updated": 0
  },
  {
    "id": "f341ad01-b700-4765-87b2-a07b7620f7fc",
    "data": [
      {
        "text": "Create a new order",
        "userDefined": false
      }
    ],
    "isTemplate": false,
    "count": 0,
    "lang": "en",
    "updated": 0
  },
  {
    "id": "c1242705-79b9-4722-8310-894d98dfdc52",
    "data": [
      {
        "text": "Initiate a new order",
        "userDefined": false
      }
    ],
    "isTemplate": false,
    "count": 0,
    "lang": "en",
    "updated": 0
  },
  {
    "id": "0156b5ed-31eb-4de4-92f5-40c70eaef4c5",
    "data": [
      {
        "text": "Begin a fresh order",
        "userDefined": false
      }
    ],
    "isTemplate": false,
    "count": 0,
    "lang": "en",
    "updated": 0
  },
  {
    "id": "a95d60bf-b4e1-407c-9c3e-933fbcbbfa38",
    "data": [
      {
        "text": "Start a new order",
        "userDefined": false
      }
    ],
    "isTemplate": false,
    "count": 0,
    "lang": "en",
    "updated": 0
  },
  {
    "id": "ba578d77-e16d-412f-b686-42b2b5d45068",
    "data": [
      {
        "text": "Place new order",
        "userDefined": false
      }
    ],
    "isTemplate": false,
    "count": 0,
    "lang": "en",
    "updated": 0
  },
  {
    "id": "46eea029-d9d2-40c5-a749-f40b5081ebc8",
    "data": [
      {
        "text": "new order",
        "userDefined": false
      }
    ],
    "isTemplate": false,
    "count": 0,
    "lang": "en",
    "updated": 0
  }
]