[
  {
    "value": "Margherita Pizza",
    "synonyms": [
      "Margherita Pizza",
      "Margherita",
      "pizza",
      "pizzas"
    ]
  },
  {
    "value": "Spaghetti Carbonara",
    "synonyms": [
      "Spaghetti Carbonara",
      "Spaghetti",
      "Carbonara"
    ]
  },
  {
    "value": "Caprese Salad",
    "synonyms": [
      "Caprese Salad",
      "Salad",
      "Caprese"
    ]
  },
  {
    "value": "Tiramisu",
    "synonyms": [
      "Tiramisu"
    ]
  },
  {
    "value": "Risotto",
    "synonyms": [
      "Risotto"
    ]
  },
  {
    "value": "Lasagna",
    "synonyms": [
      "Lasagna"
    ]
  },
  {
    "value": "Bruschetta",
    "synonyms": [
      "Bruschetta"
    ]
  },
  {
    "value": "Cannoli",
    "synonyms": [
      "Cannoli"
    ]
  },
  {
    "value": "Gelato",
    "synonyms": [
      "Gelato"
    ]
  }
]